125-38-N;125;45667;45667,4625;Con Compromiso;923238;C-3603-1300-20-20305C-3603025-02;Nación;RECURSOS CORRIENTES;1277032372,00;0,00;1277032372,00;188481444,00;INSTRUCTOR. Contratar servicios profesionales y de apoyo a la gestión como instructor para el programa CampeSENA del centro industrial y de desarrollo empresarial de Soacha;0;30425, 30525, 30625, 30725, 30825, 30925, 31025, 31125, 31225, 31325, 31425, 37325, 40025, 40625, 40725, 40825, 40925, 41025, 41125, 41225, 41325, 41425, 88325, 88425, 88525, 88625, 88725, 88825, 88925, 89025, 89125, 89225, 89325, 89425, 89525, 89625, 89725, 89825, 89925, 90025, 90125, 91425, 92025, 92125;64585325, 64585425, 64585525, 64585625, 64599325, 64599425, 64599525, 64599625, 64599725, 64599825, 64617725, 64620425, 66431325, 66431425, 66431525, 66431625, 66431725, 66431825, 66431925, 66432025, 68529125, 71247225, 97122825, 97122925, 97123025, 97123125, 97123225, 97123425, 97123525, 97123625, 97123725, 97123825, 97124125, 97124325, 97124525, 97124725, 97124825, 97125225, 97125525, 97125625, 97125925, 97127725, 97128525, 97128625;0;0
225-38-N;225;45667;45667,46528;Generado;923238;C-3603-1300-20-20305C-3603025-02;Nación;RECURSOS CORRIENTES;141294000,00;-141294000,00;0,00;0,00;MATERIALES FORMACION. Compra materiales para la formación programa CampeSENA;0;0;0;0;0
325-38-N;325;45667;45667,46806;Con Compromiso;923238;C-3603-1300-20-20305C-3603025-02;Nación;RECURSOS CORRIENTES;280000000,00;0,00;280000000,00;232093060,00;VIATICOS. Desplazamiento para impartir formación del programa campeSENA;3425, 4325, 6225, 6325;4125, 4625, 4825, 5525, 5825, 6025, 6125, 6225, 6325, 6425, 6525, 6625, 6725, 6825, 7425, 45925, 46025, 46425, 46725, 46925, 47125, 47225, 47425, 48025, 48225, 48425, 48525, 48625, 48825, 48925, 49025, 49125, 49325, 49625, 49725, 49925, 50125, 50225, 50925, 51025, 51125, 51325, 51425, 51625, 51725, 52125, 52525, 52625, 53825, 53925, 54025, 54125, 54425, 54525, 54625, 55825, 55925, 56125, 100625, 100725, 100825, 100925, 101325, 101425, 101525, 101625, 101725, 101825, 101925, 102025, 102125, 102225, 102325, 102425, 102525, 102625, 102725, 102825, 102925, 103025, 105025, 105625, 106125, 106225, 106925;47481725, 47482225, 47482625, 47483625, 47484025, 47484325, 47484425, 47484525, 47484625, 47484725, 47484825, 47484925, 47485025, 47485125, 50237825, 74973525, 74973625, 74974025, 74974325, 74974525, 74974725, 74974825, 74975025, 74975625, 74975925, 74976125, 74976325, 74976425, 74976625, 74976725, 74976825, 74976925, 74977125, 74977425, 74977525, 74977725, 74977925, 74978125, 74978825, 74978925, 74979125, 74979325, 74979425, 74979625, 74979725, 74980125, 74980525, 74980625, 83036325, 83036425, 83036525, 83036625, 83037025, 83037125, 83037225, 85312825, 85319225, 85327325, 107821125, 107821325, 107821725, 107821925, 107822525, 107822625, 107822725, 107823025, 107823325, 107823425, 107823525, 107823725, 107823825, 107823925, 107824025, 107824225, 107824325, 107824425, 107824725, 107824825, 107825025, 107825225, 107828825, 107829425, 107830125, 107830225, 110457325;0;0
425-09-P;425;45667;45667,47708;Generado;923209;C-3603-1300-20-20305C-3603025-02;Propios;INGRESOS CORRIENTES;31702061,00;-31702061,00;0,00;0,00;DOTACION. Contratar a monto agotable la compra de elementos de protección personal para funcionarios, trabajador oficial y brigada de emergencias del Centro Industrial y de Desarrollo Empresarial de Soacha;0;0;0;0;0
525-09-N;525;45667;45667,47986;Generado;923209;C-3603-1300-20-20305C-3603025-02;Nación;RECURSOS CORRIENTES;172800,00;0,00;172800,00;172800,00;VIATICOS. Gastos de transporte de los apoyos para el encuentro de seguridad y salud en el trabajo;0;0;0;0;0
625-10-N;625;45667;45667,48542;Con Compromiso;923210;C-3602-1300-11-20305C-3602031-02;Nación;RECURSOS CORRIENTES;15026000,00;0,00;15026000,00;14456416,00;VIATICOS. Viáticos y gastos de viaje de instructores y equipo regional de Víctimas;0;7025, 51225;47485325, 74979225;0;0
725-10-N;725;45667;45667,49028;Generado;923210;C-3602-1300-11-20305C-3602031-02;Nación;RECURSOS CORRIENTES;120204000,00;-120204000,00;0,00;0,00;MATERIALES FORMACION. Contratara monto agotable el suministro de materiales de formación para los programas de poblaciones vulnerables del Centro Industrial y Desarrollo Empresarial de Soacha;0;0;0;0;0
825-10-N;825;45667;45667,49583;Con Compromiso;923210;C-3602-1300-11-20305C-3602031-02;Nación;RECURSOS CORRIENTES;601016000,00;0,00;601016000,00;73010470,00;INSTRUCTOR. Contratar servicios profesionales y de apoyo a la gestión como instructor para el área de Desplazados del centro industrial y de desarrollo empresarial de Soacha;0;31525, 31625, 31725, 31825, 31925, 32025, 32125, 32225, 32325, 38825, 90225, 90325, 90425, 90525, 90625, 90725, 90825, 90925, 91025, 91825, 92425;64599925, 64600025, 64600125, 64600225, 64600325, 64600425, 64600525, 64600625, 64600725, 64619225, 97126025, 97126325, 97126525, 97126725, 97126825, 97126925, 97127025, 97127125, 97127225, 97128325, 97129025;0;0
925-11-N;925;45667;45667,49722;Con Compromiso;923211;C-3603-1300-20-20305C-3603025-02;Nación;RECURSOS CORRIENTES;56049047,00;0,00;56049047,00;42299947,00;VIATICOS. Viáticos para atender las acciones de formación de articulación con la media;0;5325, 5425, 46225, 46325, 46525, 46625, 46825, 47325, 47525, 47625, 47925, 48125, 48725, 49425, 49825, 50025, 50525, 50825, 52325, 104125, 104225, 104325, 104425, 104525, 104625, 104725, 104825, 104925, 105225, 105325, 105425, 105925, 107025, 107325, 107425;47483425, 47483525, 74973825, 74973925, 74974125, 74974225, 74974425, 74974925, 74975125, 74975225, 74975525, 74975725, 74976525, 74977225, 74977625, 74977825, 74978425, 74978725, 74980325, 107827525, 107827625, 107827725, 107827825, 107827925, 107828025, 107828225, 107828625, 107828725, 107829025, 107829125, 107829225, 107829925, 110457425, 110457725, 110457825;0;0
1025-11-N;1025;45667;45667,50556;Con Compromiso;923211;C-3603-1300-20-20305C-3603025-02;Nación;RECURSOS CORRIENTES;93433900,00;0,00;93433900,00;0,00;SERVICIOS PERSONALES. Contratar la prestación de servicios profesionales carácter temporal para dirigir, controlar y evaluar las acciones de formación profesional integral que se ejecuten mediante alianzas y convenios con instituciones educativas del;0;15325, 15425, 69125, 69225;64542325, 70461525, 96893625, 96893825;0;0
1125-10-P;1125;45667;45667,52361;Generado;923210;C-3603-1300-20-20305C-3603025-02;Propios;RENTAS PARAFISCALES;89656032,00;0,00;89656032,00;89656032,00;MONITORES. Monitorias como estímulo a aprendices destacados según normativa de monitorias vigente.;0;0;0;0;0
1225-10-P;1225;45667;45667,54653;Con Compromiso;923210;C-3603-1300-20-20305C-3603025-02;Propios;INGRESOS CORRIENTES;250000000,00;0,00;250000000,00;217487334,65;SERVICIOS PUBLICOS. Pago de servicios públicos.;125, 225, 325, 425, 725, 825, 925, 1025, 1225, 2525, 2625, 2725, 2925, 3025, 3525, 3625, 3825, 4025, 4125, 4725, 4825, 4925, 5025, 5225, 5425, 5625, 6525, 6625, 6725, 8425, 8525, 8625, 8725, 8925;125, 225, 325, 425, 525, 625, 725, 825, 925, 1025, 1125, 1625, 1725, 1825, 1925, 2025, 2325, 2425, 2525, 2625, 2725, 7125, 7225, 41625, 45525, 45625, 45725, 45825, 52825, 52925, 53025, 53125, 53225, 55425, 55525, 55625, 100025, 100125, 100225, 106425, 107625;10192925, 10196125, 12073225, 19229625, 19247825, 19256425, 19268525, 19274025, 19278925, 19282825, 19869525, 19879525, 26953325, 30154525, 30175325, 30588325, 32039125, 32050725, 38172925, 38246325, 38265525, 39172525, 40449025, 40453425, 40470425, 43210725, 50245825, 50281325, 66482925, 68787025, 68819625, 70407125, 74992025, 74992625, 75521225, 75531825, 83099825, 83114225, 83198425, 83244125, 103797625, 104861525, 104867925, 107860225;0;0
1325-10-P;1325;45667;45667,55486;Con Compromiso;923210;C-3603-1300-20-20305C-3603025-08;Propios;INGRESOS CORRIENTES;25750000,00;107700,00;25857700,00;0,00;IMPUESTOS. Pago impuesto predial, impuesto de vehículo, otros impuestos.;5725, 5825;53325, 53425;85368225, 85375525;0;0
1425-10-N;1425;45667;45667,56875;Generado;923210;C-3603-1300-20-20305C-3603025-02;Nación;RECURSOS CORRIENTES;25837331,00;-25837331,00;0,00;0,00;PAPELERIA. Contratar a monto agotable la compra de elementos de oficina y consumibles de impresión para el Centro Industrial y de Desarrollo Empresarial de Soacha;0;0;0;0;0
1525-10-N;1525;45667;45667,57153;Generado;923210;C-3603-1300-20-20305C-3603025-02;Nación;RECURSOS CORRIENTES;53652156,00;-35903700,00;17748456,00;17748456,00;OTROS MATERIALES Y SUMINISTROS. Contratar la Compra de tarjeta recargable canjeable por combustible (gasolina y diésel) en estaciones de servicio a nivel nacional en las denominaciones requeridas por la entidad para el aprovisionamiento de combustibl;0;0;0;0;0
1625-10-N;1625;45667;45667,575;Con Compromiso;923210;C-3603-1300-20-20305C-3603025-02;Nación;RECURSOS CORRIENTES;21424000,00;0,00;21424000,00;15385479,00;VIATICOS. Viáticos de funcionarios, gastos de viaje de contratistas y gastos de transporte (aeropuertos - intermunicipal);0;4325, 4425, 4725, 4925, 5025, 5125, 6925, 47725, 47825, 48325, 49525, 51525, 51825, 52225, 52425, 52725, 54225, 54325, 54825, 54925, 55025, 55125, 55225, 56325, 100325, 100425, 103425, 107225;47481925, 47482025, 47482425, 47482825, 47483125, 47483225, 47485225, 74975325, 74975425, 74976025, 74977325, 74979525, 74979825, 74980225, 74980425, 74980725, 83036825, 83036925, 83037425, 83037525, 83037725, 83037925, 83038125, 85338325, 107820425, 107820525, 107826225, 110457625;0;0
1725-10-P;1725;45667;45667,57778;Generado;923210;C-3603-1300-20-20305C-3603025-02;Propios;INGRESOS CORRIENTES;96800000,00;-96800000,00;0,00;0,00;PROTECCION APRENDICES. Contratar a monto agotable la compra de elementos de protección personal para los aprendices del Centro Industrial y de Desarrollo Empresarial de Soacha;0;0;0;0;0
1825-10-P;1825;45667;45667,58056;Generado;923210;C-3603-1300-20-20305C-3603025-02;Propios;OTROS RECURSOS DE TESORERIA;4613885,00;0,00;4613885,00;4613885,00;NOMINA. Contratar la compra de tarjeta de consumo para la alimentación del trabajador oficial del Centro Industrial y de Desarrollo Empresarial de Soacha;0;0;0;0;0
1925-10-N;1925;45667;45667,58403;Con Compromiso;923210;C-3603-1300-20-20305C-3603025-02;Nación;RECURSOS CORRIENTES;985067590,00;0,00;985067590,00;86872,00;SERVICIOS PERSONALES. Contratar servicios profesionales y de apoyo a la gestión del área administrativa para el Centro Industrial y de Desarrollo Empresarial de Soacha.;0;2825, 2925, 3125, 3225, 4025, 10625, 12925, 13025, 13225, 13325, 14125, 14225, 14325, 14425, 14525, 14625, 15625, 15725, 15825, 32425, 32525, 32625, 32725, 32825, 33025, 33125, 33225, 33425, 33825, 33925, 34025, 34125, 34225, 35025, 36625, 40125, 62725, 62825, 62925, 63025, 69325, 77025, 80325, 80425, 80725, 80825, 80925, 81025, 81125, 81225, 81325, 81425, 81525, 81625, 81725, 81825, 81925, 82025, 82125, 83225, 83325, 83825, 91125, 91225, 91325, 93225, 93325, 93725, 94325, 94425, 106625;42359925, 42360025, 42360325, 42360525, 42361625, 64522125, 64524425, 64524525, 64524725, 64524825, 64525625, 64541225, 64541325, 64541425, 64541525, 64541625, 64542525, 64542625, 64542725, 64600825, 64600925, 64601025, 64601125, 64601225, 64601425, 64601525, 64601625, 64601825, 64602225, 64602325, 64602425, 64602525, 64603325, 64617025, 64620525, 71227025, 96845825, 96845925, 96846125, 96846225, 96894025, 96962225, 97046225, 97046325, 97046625, 97046725, 97047025, 97047225, 97047325, 97047425, 97047525, 97047625, 97047725, 97047825, 97047925, 97048025, 97048125, 97048225, 97048325, 97049825, 97050025, 97051025, 97127425, 97127525, 97127625, 98099125, 98099225, 98099625, 98100225, 98100325, 110456925;0;0
2025-10-N;2025;45667;45667,58681;Generado;923210;C-3603-1300-20-20305C-3603025-02;Nación;RECURSOS CORRIENTES;20250000,00;-20250000,00;0,00;0,00;BIENESTAR APRENDICES. Vacunas aprendices.;0;0;0;0;0
2125-11-N;2125;45667;45667,62083;Con Compromiso;923211;C-3603-1300-20-20305C-3603025-02;Nación;RECURSOS CORRIENTES;5069351435,00;0,00;5069351435,00;115524773,00;INSTRUCTOR. Contratar servicios profesionales y de apoyo a la gestión como instructor para el programa de articulación con la media del centro industrial y de desarrollo empresarial de Soacha.;0;14725, 14825, 14925, 15025, 15125, 15225, 19825, 19925, 20025, 20125, 20225, 20325, 20425, 20525, 20625, 20725, 20825, 20925, 21025, 21125, 21225, 21325, 21425, 21525, 21625, 21725, 21825, 21925, 22025, 22125, 22225, 22325, 22425, 22525, 22625, 22725, 22825, 22925, 23025, 23125, 23225, 23325, 27225, 27325, 27425, 27525, 27625, 27725, 27825, 27925, 28025, 28125, 28225, 28325, 28425, 28525, 28625, 28725, 28825, 28925, 29025, 29125, 29225, 29325, 29425, 29525, 29625, 29725, 29825, 29925, 30025, 30125, 30225, 30325, 33325, 35725, 36725, 36825, 36925, 37025, 37125, 37225, 39925, 40225, 68525, 68625, 68725, 68825, 68925, 69025, 69425, 69525, 69625, 69725, 69825, 69925, 70025, 70125, 70225, 70325, 70425, 70525, 70625, 70725, 70825, 70925, 71025, 71125, 71225, 71325, 71425, 71525, 71625, 71725, 71825, 71925, 72025, 72125, 72225, 72325, 72425, 72525, 72625, 72725, 72825, 72925, 73025, 73125, 73225, 73325, 73425, 73525, 73625, 73725, 73825, 73925, 74025, 74125, 74225, 74325, 74425, 74525, 74625, 74725, 74825, 74925, 75025, 75125, 75225, 75325, 75425, 75525, 75625, 75725, 75825, 75925, 76025, 76125, 76225, 76325, 76425, 76525, 76625, 76725, 76825, 76925, 77125, 77225, 77325, 77425, 77525, 77625, 77725, 77825, 77925, 78025, 78125, 78225, 78325, 78425, 78525, 78625, 78725, 78825, 78925, 79025, 106525;64541725, 64541825, 64541925, 64542025, 64542125, 64542225, 64551825, 64551925, 64552025, 64552125, 64552225, 64552325, 64552425, 64552525, 64552625, 64552825, 64568525, 64568625, 64568725, 64568825, 64568925, 64569025, 64569125, 64569225, 64569325, 64569425, 64569525, 64569625, 64569725, 64569825, 64569925, 64570025, 64570125, 64570225, 64570325, 64570425, 64570525, 64570625, 64570825, 64570925, 64571025, 64571125, 64574925, 64575025, 64582325, 64582425, 64582525, 64582625, 64582725, 64582825, 64582925, 64583025, 64583125, 64583225, 64583425, 64583525, 64583625, 64583725, 64583825, 64583925, 64584025, 64584125, 64584225, 64584325, 64584425, 64584525, 64584625, 64584725, 64584825, 64584925, 64585025, 64585125, 64585225, 64601725, 64617125, 64617225, 64617325, 64617425, 64617525, 64617625, 64620325, 64620625, 67839925, 68528925, 96892225, 96892425, 96892525, 96892725, 96893125, 96893325, 96894425, 96894525, 96894825, 96895025, 96895325, 96895525, 96895725, 96896025, 96896325, 96896625, 96896925, 96897225, 96897325, 96897525, 96897825, 96898025, 96898325, 96898525, 96898725, 96898925, 96899125, 96949925, 96950025, 96950225, 96950425, 96950625, 96950825, 96951025, 96951225, 96951425, 96951625, 96951825, 96952025, 96952625, 96952725, 96952925, 96953225, 96953425, 96953625, 96953825, 96954025, 96954225, 96954425, 96954625, 96954925, 96955125, 96955325, 96955525, 96955825, 96956025, 96956325, 96956525, 96956725, 96956925, 96957225, 96957525, 96957725, 96958025, 96958225, 96958425, 96958625, 96958925, 96959125, 96959325, 96959525, 96959725, 96960025, 96960225, 96960425, 96960725, 96960925, 96961125, 96961325, 96961525, 96961725, 96962025, 96962425, 96962625, 96962825, 96963125, 96963325, 96963525, 96963825, 96964025, 96964325, 96964525, 96964725, 96964825, 96965125, 96965425, 96965625, 96965825, 97044225, 97044325, 97044425, 97044525, 110456825;0;0
2225-11-N;2225;45667;45667,62361;Generado;923211;C-3603-1300-20-20305C-3603025-02;Nación;RECURSOS CORRIENTES;142424659,00;-142424659,00;0,00;0,00;MATERIALES FORMACION. Compra de materiales para la formación programa articulación con la educación media.;0;0;0;0;0
2325-18-P;2325;45667;45667,65903;Con Compromiso;923218;C-3603-1300-20-20305C-3603025-01;Propios;FONDOS ESPECIALES;1029684265,00;0,00;1029684265,00;957939865,00;APOYO APRENDICES. Atender apoyos de sostenimiento FIC regular para los aprendices que cumplen con los requisitos de acuerdo con la normatividad vigente;0;41725, 41825, 41925, 42025, 42125, 42225, 42325, 42425, 42525, 42625, 42725, 42825, 42925, 43025, 43125, 43225, 43325, 43425, 43525, 43625, 43725, 43825, 43925, 44025, 44125, 44225, 44325, 44425, 44525, 44625, 44725, 44825, 44925, 45025, 45125, 45225, 45325, 45425, 94925, 95025, 95125, 95225, 95325, 95425, 95525, 95625, 95725, 95825, 95925, 96025, 96125, 96225, 96325, 96425, 96525, 96625, 96725, 96825, 96925, 97025, 97125, 97225, 97325, 97425, 97525, 97625, 97725, 97825, 97925, 98025, 98125, 98225, 98325, 98425, 98525, 98625, 98725, 98825, 98925, 99025, 99125, 99225, 99325, 99425;68529225, 68529325, 68529425, 68529525, 68529625, 68529725, 68529825, 68529925, 68530025, 68530125, 68530225, 68530325, 68530425, 68530525, 68530625, 68530725, 68530825, 68530925, 68531025, 68531125, 68531225, 68531325, 68531425, 68531525, 68531625, 68531725, 68531825, 68532025, 68532225, 68532325, 68532425, 68532625, 68532725, 68532825, 68532925, 68533025, 68533125, 68533225, 99951525, 99951725, 99951925, 99952125, 99952425, 99952625, 99952825, 99953025, 99953225, 99953425, 99953625, 99953825, 99954025, 99954325, 99954625, 99954925, 99955225, 99955525, 99955925, 99956125, 99956425, 99956825, 99957225, 99957625, 99957925, 99958225, 99958425, 99958725, 99959025, 99959225, 99959525, 99959825, 99959925, 99960225, 99960525, 99960725, 99961025, 99961225, 99961525, 99961825, 99962025, 99962325, 99962525, 99962825, 99963125, 99963525;0;0
2425-18-P;2425;45667;45667,6625;Generado;923218;C-3603-1300-20-20305C-3603025-02;Propios;FONDOS ESPECIALES;77333333,00;-77333333,00;0,00;0,00;BIENESTAR APRENDICES. Gastos bienestar alumnos para la ejecución de las actividades del PNIBA de programas de FIC;0;0;0;0;0
2525-18-P;2525;45667;45667,66736;Generado;923218;C-3603-1300-20-20305C-3603025-02;Propios;FONDOS ESPECIALES;74862263,00;-74862263,00;0,00;0,00;MATERIALES FORMACION. Compra materiales para la formación programa Placa Huella FIC;0;0;0;0;0
2625-18-P;2625;45667;45667,67153;Generado;923218;C-3603-1300-20-20305C-3603025-02;Propios;FONDOS ESPECIALES;41443028,00;-41443028,00;0,00;0,00;MATERIALES FORMACION. Compra materiales para la formación programas FIC;0;0;0;0;0
2725-18-P;2725;45667;45667,67986;Generado;923218;C-3603-1300-20-20305C-3603025-02;Propios;FONDOS ESPECIALES;29425719,00;-29425719,00;0,00;0,00;PROTECCION APRENDICES. Contratar a monto agotable la compra de elementos de protección para los aprendices del Centro Industrial y de Desarrollo Empresarial de Soacha.;0;0;0;0;0
2825-18-P;2825;45667;45667,68333;Con Compromiso;923218;C-3603-1300-20-20305C-3603025-02;Propios;FONDOS ESPECIALES;155254590,00;0,00;155254590,00;65104174,00;INSTRUCTOR. Contratar servicios profesionales y de apoyo a la gestión como instructor para el área de FIC-Fondo de la industria de la construcción del centro industrial y de desarrollo empresarial de Soacha.;0;39025, 61325, 62425;64619425, 96844225, 96845425;0;0
2925-27-N;2925;45667;45667,71458;Generado;923227;C-3603-1300-20-20305C-3603024-02;Nación;RECURSOS CORRIENTES;100000000,00;-100000000,00;0,00;0,00;MANTENIMIENTO BIENES. Contratar el servicio de mantenimiento preventivo y correctivo a todo costo (con suministros, repuestos y mano de obra) para el parque automotor del Centro Industrial y de Desarrollo Empresarial de Soacha.;0;0;0;0;0
3025-27-N;3025;45667;45667,71667;Generado;923227;C-3603-1300-20-20305C-3603024-02;Nación;RECURSOS CORRIENTES;150000000,00;-150000000,00;0,00;0,00;MOBILIARIO. Compra de mobiliario que incluye mesas, sillas, armarios, bancos de trabajo, archivadores, escritorios, tableros, entre otros;0;0;0;0;0
3125-27-N;3125;45667;45667,72014;Generado;923227;C-3603-1300-20-20305C-3603024-02;Nación;RECURSOS CORRIENTES;809700,00;-809700,00;0,00;0,00;OTROS EQUIPOS. Compra de básculas para el pesaje de residuos;0;0;0;0;0
3225-27-N;3225;45667;45667,72222;Con Compromiso;923227;C-3603-1300-20-20305C-3603024-02;Nación;RECURSOS CORRIENTES;164230925,00;28914675,00;193145600,00;0,00;SERVICIOS PERSONALES. Contratar la prestación de servicios profesionales y de apoyo a la gestión para el área de Tecnologías de la Información y las Comunicaciones (TIC) del centro industrial y de desarrollo empresarial de Soacha.;0;3525, 3725, 3825, 3925, 13625, 13825, 13925, 14025, 83425, 83525, 83625, 83725, 83925;42360925, 42361225, 42361325, 42361525, 64525125, 64525325, 64525425, 64525525, 97050125, 97050425, 97050525, 97050825, 97051125;0;0
3325-84-N;3325;45668;45668,32778;Con Compromiso;923284;C-3603-1300-20-20305C-3603033-02;Nación;RECURSOS CORRIENTES;121000000,00;0,00;121000000,00;484000,00;ECCL SERVICIOS PERSONALES. Contratar la prestación de servicios de evaluadores que ejecutan el proceso de gestión de evaluación y certificación de competencias laborales en el Centro Industrial y de Desarrollo Empresarial de Soacha;0;34625, 34725, 34825, 34925, 35125, 35225, 35425, 79225, 79325, 79425, 79525, 79625, 79725, 79825, 79925, 80025, 80125;64602925, 64603025, 64603125, 64603225, 64603425, 64603525, 64603725, 97044725, 97044925, 97045225, 97045325, 97045425, 97045525, 97045725, 97045825, 97045925, 97046025;0;0
3325-28-N;3325;45668;45668,32778;Con Compromiso;923228;C-3603-1300-20-20305C-3603033-02;Nación;RECURSOS CORRIENTES;329120000,00;0,00;329120000,00;2568276,00;ECCL SERVICIOS PERSONALES. Contratar la prestación de servicios de evaluadores que ejecutan el proceso de gestión de evaluación y certificación de competencias laborales en el Centro Industrial y de Desarrollo Empresarial de Soacha;0;34625, 34725, 34825, 34925, 35125, 35225, 35425, 79225, 79325, 79425, 79525, 79625, 79725, 79825, 79925, 80025, 80125;64602925, 64603025, 64603125, 64603225, 64603425, 64603525, 64603725, 97044725, 97044925, 97045225, 97045325, 97045425, 97045525, 97045725, 97045825, 97045925, 97046025;0;0
3325-86-N;3325;45668;45668,32778;Con Compromiso;923286;C-3603-1300-20-20305C-3603033-02;Nación;RECURSOS CORRIENTES;19360000,00;0,00;19360000,00;19360000,00;ECCL SERVICIOS PERSONALES. Contratar la prestación de servicios de evaluadores que ejecutan el proceso de gestión de evaluación y certificación de competencias laborales en el Centro Industrial y de Desarrollo Empresarial de Soacha;0;34625, 34725, 34825, 34925, 35125, 35225, 35425, 79225, 79325, 79425, 79525, 79625, 79725, 79825, 79925, 80025, 80125;64602925, 64603025, 64603125, 64603225, 64603425, 64603525, 64603725, 97044725, 97044925, 97045225, 97045325, 97045425, 97045525, 97045725, 97045825, 97045925, 97046025;0;0
3425-84-N;3425;45668;45668,33542;Con Compromiso;923284;C-3603-1300-20-20305C-3603033-02;Nación;RECURSOS CORRIENTES;0,00;13810000,00;13810000,00;10370168,00;VIATICOS. Viáticos y gastos de viaje para el desplazamiento de los actores que ejecutan el proceso de gestión de evaluación y certificación de competencias laborales del Centro Industrial y de Desarrollo Empresarial de Soacha;6025, 6125;5225, 46125, 49225, 50725, 51925, 52025, 53625, 53725, 54725, 56025, 56225, 56425, 56525, 56625, 101025, 101125, 101225, 103125, 103225, 103325, 103525, 103625, 103725, 104025, 105125, 105725, 105825, 106025, 106325, 107125;47483325, 74973725, 74977025, 74978625, 74979925, 74980025, 83036025, 83036125, 83037325, 85325125, 85334625, 85350025, 85359825, 85363325, 107822025, 107822225, 107822325, 107825425, 107825725, 107826025, 107826425, 107826725, 107827025, 107827425, 107828925, 107829625, 107829725, 107830025, 107830325, 110457525;0;0
3425-86-N;3425;45668;45668,33542;Con Compromiso;923286;C-3603-1300-20-20305C-3603033-02;Nación;RECURSOS CORRIENTES;0,00;3000000,00;3000000,00;3000000,00;VIATICOS. Viáticos y gastos de viaje para el desplazamiento de los actores que ejecutan el proceso de gestión de evaluación y certificación de competencias laborales del Centro Industrial y de Desarrollo Empresarial de Soacha;6025, 6125;5225, 46125, 49225, 50725, 51925, 52025, 53625, 53725, 54725, 56025, 56225, 56425, 56525, 56625, 101025, 101125, 101225, 103125, 103225, 103325, 103525, 103625, 103725, 104025, 105125, 105725, 105825, 106025, 106325, 107125;47483325, 74973725, 74977025, 74978625, 74979925, 74980025, 83036025, 83036125, 83037325, 85325125, 85334625, 85350025, 85359825, 85363325, 107822025, 107822225, 107822325, 107825425, 107825725, 107826025, 107826425, 107826725, 107827025, 107827425, 107828925, 107829625, 107829725, 107830025, 107830325, 110457525;0;0
3425-28-N;3425;45668;45668,33542;Con Compromiso;923228;C-3603-1300-20-20305C-3603033-02;Nación;RECURSOS CORRIENTES;10148000,00;10000000,00;20148000,00;15642603,00;VIATICOS. Viáticos y gastos de viaje para el desplazamiento de los actores que ejecutan el proceso de gestión de evaluación y certificación de competencias laborales del Centro Industrial y de Desarrollo Empresarial de Soacha;6025, 6125;5225, 46125, 49225, 50725, 51925, 52025, 53625, 53725, 54725, 56025, 56225, 56425, 56525, 56625, 101025, 101125, 101225, 103125, 103225, 103325, 103525, 103625, 103725, 104025, 105125, 105725, 105825, 106025, 106325, 107125;47483325, 74973725, 74977025, 74978625, 74979925, 74980025, 83036025, 83036125, 83037325, 85325125, 85334625, 85350025, 85359825, 85363325, 107822025, 107822225, 107822325, 107825425, 107825725, 107826025, 107826425, 107826725, 107827025, 107827425, 107828925, 107829625, 107829725, 107830025, 107830325, 110457525;0;0
3525-28-N;3525;45668;45668,35278;Con Compromiso;923228;C-3603-1300-20-20305C-3603033-02;Nación;RECURSOS CORRIENTES;29480000,00;0,00;29480000,00;0,00;SERVICIOS PERSONALES. Contratar la prestación de servicios profesionales /o de apoyo a la gestión de carácter temporal, para contribuir con el cumplimiento de las metas establecidas para el proceso de Evaluación y Certificación de Competencias Labora;0;15925, 79125;64542825, 97044625;0;0
3625-42-P;3625;45668;45668,36389;Con Compromiso;923242;C-3603-1300-20-20305C-3603025-02;Propios;INGRESOS CORRIENTES;0,00;31345822,00;31345822,00;220578,00;SERVICIOS PERSONALES. Contratar la prestación de servicios profesionales y de apoyo a la gestión para la implementación del plan de bienestar del centro industrial y de desarrollo empresarial de Soacha.;0;16025, 16125, 16225, 33525, 33625, 33725, 34325, 34425, 34525, 35325, 92825, 92925, 93025, 93425, 93525, 93625, 93825, 93925, 94025, 94125, 94225, 94525, 94625, 94725, 94825;64542925, 64543025, 64543125, 64601925, 64602025, 64602125, 64602625, 64602725, 64602825, 64603625, 98098625, 98098725, 98098825, 98099325, 98099425, 98099525, 98099725, 98099825, 98099925, 98100025, 98100125, 98100425, 98100525, 98100625, 98100725;0;0
3625-42-N;3625;45668;45668,36389;Con Compromiso;923242;C-3603-1300-20-20305C-3603025-02;Nación;RECURSOS CORRIENTES;423005721,00;0,00;423005721,00;26396066,00;SERVICIOS PERSONALES. Contratar la prestación de servicios profesionales y de apoyo a la gestión para la implementación del plan de bienestar del centro industrial y de desarrollo empresarial de Soacha.;0;16025, 16125, 16225, 33525, 33625, 33725, 34325, 34425, 34525, 35325, 92825, 92925, 93025, 93425, 93525, 93625, 93825, 93925, 94025, 94125, 94225, 94525, 94625, 94725, 94825;64542925, 64543025, 64543125, 64601925, 64602025, 64602125, 64602625, 64602725, 64602825, 64603625, 98098625, 98098725, 98098825, 98099325, 98099425, 98099525, 98099725, 98099825, 98099925, 98100025, 98100125, 98100425, 98100525, 98100625, 98100725;0;0
3725-45-N;3725;45668;45668,37014;Generado;923245;C-3603-1300-20-20305C-3603025-02;Nación;RECURSOS CORRIENTES;406238966,00;-406238966,00;0,00;0,00;MATERIALES FORMACION. Contratar a monto agotable el suministro de materiales de formación y elementos de programas y estrategias misionales del Centro Industrial y de Desarrollo Empresarial de Soacha;0;0;0;0;0
3825-45-N;3825;45668;45668,37708;Con Compromiso;923245;C-3603-1300-20-20305C-3603025-02;Nación;RECURSOS CORRIENTES;7847025402,00;0,00;7847025402,00;274341935,00;INSTRUCTOR. Contratar servicios profesionales y de apoyo a la gestión como instructor en las modalidades virtual y presencial de formación titulada y complementaria del centro industrial y de desarrollo empresarial de Soacha.;0;7725, 7825, 7925, 8125, 8225, 8325, 8425, 8525, 8625, 8725, 8825, 8925, 9025, 9125, 9225, 9325, 9425, 9525, 9625, 9725, 9825, 9925, 10025, 10125, 10225, 10325, 10425, 10525, 10725, 10825, 10925, 11025, 11125, 11225, 11325, 11425, 11525, 11625, 11725, 11825, 11925, 12025, 12125, 12225, 12325, 12425, 12525, 12625, 12725, 12825, 16325, 16425, 16525, 16625, 16725, 16825, 16925, 17025, 17125, 17225, 17325, 17425, 17525, 17625, 17725, 17825, 17925, 18025, 18125, 18225, 18325, 18425, 18525, 18625, 18725, 18825, 18925, 19025, 19125, 19225, 19325, 19425, 19525, 19625, 19725, 23425, 23525, 23625, 23725, 23825, 23925, 24025, 24125, 24225, 24325, 24425, 24525, 24625, 24725, 24825, 24925, 25025, 25125, 25225, 25325, 25425, 25525, 25625, 25725, 25825, 25925, 26025, 26125, 26225, 26325, 26425, 26525, 26625, 26725, 26825, 26925, 27025, 27125, 37425, 37525, 37625, 37725, 37825, 37925, 38025, 38125, 38225, 38325, 38425, 38525, 38925, 39125, 39225, 39325, 39425, 39525, 39625, 39725, 39825, 40325, 40425, 40525, 41525, 57125, 57225, 57325, 57425, 57525, 57625, 57725, 57825, 57925, 58025, 58125, 58225, 58325, 58425, 58525, 58625, 58725, 58825, 58925, 59025, 59125, 59225, 59325, 59425, 59525, 59625, 59725, 59825, 59925, 60025, 60125, 60225, 60325, 60425, 60525, 60625, 60725, 60825, 60925, 61025, 61125, 61225, 61425, 61525, 61625, 61725, 61825, 61925, 62025, 62125, 62225, 62325, 62525, 62625, 63125, 63225, 63325, 63425, 63525, 63625, 63725, 63825, 63925, 64025, 64125, 64225, 64325, 64425, 64525, 64625, 64725, 64825, 64925, 65025, 65125, 65225, 65325, 65425, 65525, 65625, 65725, 65825, 65925, 66025, 66125, 66225, 66325, 66425, 66525, 66625, 66725, 66825, 66925, 67025, 67125, 67225, 67325, 67425, 67525, 67625, 67725, 67825, 67925, 68025, 68125, 68225, 68325, 68425, 84325, 84425, 84525, 84625, 84725, 84825, 84925, 85025, 85125, 85225, 85325, 85425, 85525, 85625, 85725, 85825, 85925, 86025, 86125, 86225, 86325, 86425, 86525, 86625, 86725, 86825, 86925, 87025, 87125, 87225, 87325, 87425, 87525, 87625, 87725, 87825, 87925, 88025, 88125, 88225, 91525, 91925, 92225, 92325, 92525, 92625, 92725, 106725;64519025, 64519225, 64519325, 64519525, 64519625, 64519725, 64519825, 64519925, 64520025, 64520125, 64520225, 64520325, 64520425, 64520525, 64520625, 64520725, 64520825, 64520925, 64521025, 64521125, 64521225, 64521325, 64521425, 64521525, 64521625, 64521725, 64521925, 64522025, 64522225, 64522325, 64522425, 64522525, 64522625, 64522725, 64522825, 64522925, 64523025, 64523125, 64523225, 64523325, 64523425, 64523525, 64523625, 64523725, 64523825, 64523925, 64524025, 64524125, 64524225, 64524325, 64543225, 64543325, 64543425, 64543525, 64543625, 64543725, 64543825, 64543925, 64544025, 64544125, 64544225, 64544325, 64544525, 64544625, 64544725, 64548625, 64549825, 64549925, 64550025, 64550125, 64550325, 64550425, 64550525, 64550625, 64550725, 64550825, 64550925, 64551025, 64551125, 64551225, 64551325, 64551425, 64551525, 64551625, 64551725, 64571225, 64571325, 64571425, 64571525, 64571625, 64571725, 64571825, 64571925, 64572025, 64572125, 64572225, 64572325, 64572425, 64572525, 64572625, 64572725, 64572825, 64572925, 64573025, 64573125, 64573225, 64573325, 64573425, 64573525, 64573625, 64573725, 64573825, 64573925, 64574025, 64574125, 64574225, 64574325, 64574425, 64574525, 64574625, 64574725, 64574825, 64617825, 64617925, 64618025, 64618125, 64618225, 64618325, 64618425, 64618525, 64618625, 64618725, 64618825, 64618925, 64619325, 64619525, 64619625, 64619725, 64619825, 64619925, 64620025, 64620125, 64620225, 66430925, 66431025, 66431225, 66432125, 71243425, 96838725, 96838825, 96838925, 96839025, 96839125, 96839225, 96839325, 96839425, 96839525, 96839625, 96839725, 96839825, 96839925, 96840025, 96840125, 96840625, 96840725, 96840825, 96840925, 96841125, 96841225, 96841325, 96841525, 96841825, 96841925, 96842025, 96842125, 96842325, 96842425, 96842625, 96842725, 96842825, 96842925, 96843025, 96843225, 96843325, 96843425, 96843525, 96843725, 96843825, 96844025, 96844125, 96844325, 96844425, 96844525, 96844625, 96844725, 96844825, 96844925, 96845025, 96845125, 96845325, 96845625, 96845725, 96846325, 96846425, 96846725, 96846825, 96846925, 96847025, 96847225, 96847325, 96847425, 96847525, 96847725, 96847825, 96883625, 96883825, 96884025, 96884225, 96884425, 96884625, 96884925, 96885125, 96885325, 96885525, 96885825, 96886025, 96886225, 96886425, 96886725, 96886925, 96887125, 96887325, 96887625, 96887925, 96888025, 96888125, 96888325, 96888625, 96888925, 96889125, 96889425, 96889625, 96889825, 96890025, 96890125, 96890325, 96890425, 96890625, 96890825, 96890925, 96891225, 96891425, 96891525, 96891725, 96891925, 96892025, 97051725, 97052025, 97052125, 97052325, 97052425, 97052625, 97052725, 97053025, 97053125, 97053325, 97053525, 97053625, 97053825, 97053925, 97054125, 97054325, 97119825, 97120025, 97120125, 97120225, 97120325, 97120425, 97120625, 97120825, 97120925, 97121125, 97121225, 97121425, 97121525, 97121625, 97121725, 97121825, 97121925, 97122125, 97122225, 97122325, 97122425, 97122525, 97122625, 97122725, 97127825, 97128425, 97128825, 97128925, 97129225, 97129325, 97129425, 110457025;0;0
3925-44-P;3925;45668;45668,38125;Generado;923244;C-3603-1300-20-20305C-3603025-01;Propios;INGRESOS CORRIENTES;255274500,00;0,00;255274500,00;255274500,00;APOYO APRENDICES. Atender apoyos de sostenimiento regular para los aprendices que cumplen con los requisitos de acuerdo con la normatividad vigente;0;0;0;0;0
4025-44-P;4025;45668;45668,38542;Generado;923244;C-3603-1300-20-20305C-3603025-02;Propios;INGRESOS CORRIENTES;8692251,00;-8692251,00;0,00;0,00;PROTECCION APRENDICES. Contratar a monto agotable la compra de elementos de protección personal para los aprendices del Centro Industrial y de Desarrollo Empresarial de Soacha;0;0;0;0;0
4125-45-N;4125;45668;45668,39236;Con Compromiso;923245;C-3603-1300-20-20305C-3603025-02;Nación;RECURSOS CORRIENTES;16900000,00;0,00;16900000,00;16677942,00;VIATICOS. Viáticos de instructores para atender las acciones de formación de acuerdo con el comportamiento presupuestal del centro de formación.;5925;53525;83035925;0;0
4225-85-N;4225;45668;45668,40139;Con Compromiso;923285;C-3603-1300-20-20305C-3603025-02;Nación;RECURSOS CORRIENTES;185551954,00;0,00;185551954,00;44193650,00;INSTRUCTOR. Contratar servicios profesionales y de apoyo a la gestión como instructor en formación titulada y complementaria ECONOMIA POPULAR del centro industrial y de desarrollo empresarial de Soacha.;0;8025, 38625, 38725, 84225, 91625, 91725;64519425, 64619025, 64619125, 97051625, 97127925, 97128125;0;0
4325-85-N;4325;45668;45668,40694;Generado;923285;C-3603-1300-20-20305C-3603025-02;Nación;RECURSOS CORRIENTES;42676949,00;-42676949,00;0,00;0,00;MATERIALES FORMACION. Contratar a monto agotable el suministro de materiales de formación y elementos de programas de Economía Popular del Centro Industrial y de Desarrollo Empresarial de Soacha;0;0;0;0;0
4425-85-N;4425;45668;45668,41042;Con Compromiso;923285;C-3603-1300-20-20305C-3603025-02;Nación;RECURSOS CORRIENTES;50787088,00;0,00;50787088,00;44671678,00;VIATICOS. DFP - Viáticos y gastos de viaje para el cumplimiento de la formación titulada y complementaria de ECONOMIA POPULAR considerando los cupos totales.;0;4525, 5725, 47025, 50625, 55325, 103825, 105525;47482125, 47483925, 74974625, 74978525, 83038325, 107827225, 107829325;0;0
4525-90-N;4525;45668;45668,42361;Con Compromiso;923290;C-3603-1300-20-20305C-3603025-02;Nación;RECURSOS CORRIENTES;23894352,00;0,00;23894352,00;2,00;SERVICIOS PERSONALES. Prestar los servicios de apoyo a la gestión como conductor del Aula Móvil, atendiendo los desplazamientos programados por la subdirección Centro Industrial y de Desarrollo Empresarial de Soacha y sus Coordinaciones.;0;32925, 93125;64601325, 98098925;0;0
4625-90-N;4625;45668;45668,42917;Generado;923290;C-3603-1300-20-20305C-3603025-02;Nación;RECURSOS CORRIENTES;15000000,00;0,00;15000000,00;15000000,00;OTROS MATERIALES Y SUMINISTROS. Contratar la adquisición de materiales, insumos y servicios (con suministro de combustible, lubricantes, llantas, baterías, filtros, así como la cobertura de gastos asociados a parqueadero, lavado de vehículos, pago de;0;0;0;0;0
4725-90-P;4725;45668;45668,43333;Generado;923290;C-3603-1300-20-20305C-3603024-02;Propios;INGRESOS CORRIENTES;20000000,00;-20000000,00;0,00;0,00;MANTENIMIENTO BIENES. Contratar el servicio de mantenimiento preventivo y correctivo a todo costo (con suministros, repuestos y mano de obra), incluyendo la gestión de revisión técnico-mecánica, infraestructura y adecuación, la actualización o cambio;0;0;0;0;0
4825-90-N;4825;45668;45668,43819;Con Compromiso;923290;C-3603-1300-20-20305C-3603025-02;Nación;RECURSOS CORRIENTES;15000000,00;0,00;15000000,00;14339167,00;VIATICOS FORMACION. Viáticos para conductor aula móvil.;0;5925, 100525, 106825;47484125, 107820825, 110457125;0;0
4925-90-N;4925;45668;45668,44167;Con Compromiso;923290;C-3603-1300-20-20305C-3603025-02;Nación;RECURSOS CORRIENTES;14950000,00;0,00;14950000,00;11766100,00;VIATICOS. Viáticos y gastos de viaje para Dinamizadores de oferta CampeSENA y Full Popular;0;4225, 5625, 50325, 50425, 103925;47481825, 47483825, 74978225, 74978325, 107827325;0;0
5025-90-N;5025;45668;45668,44792;Con Compromiso;923290;C-3603-1300-20-20305C-3603025-02;Nación;RECURSOS CORRIENTES;124390000,00;0,00;124390000,00;30000000,00;SERVICIOS PERSONALES. Contratar la prestación de servicios profesionales y de apoyo a la gestión para el programa de Economía Campesina;0;3425, 13525, 15525, 84025, 84125;42360825, 64525025, 64542425, 97051325, 97051425;0;0
5125-42-P;5125;45668;45668,45625;Generado;923242;C-3603-1300-20-20305C-3603025-02;Propios;INGRESOS CORRIENTES;470301019,00;-423801019,00;46500000,00;46500000,00;BIENESTAR APRENDICES. Gastos bienestar alumnos para la ejecución de las actividades del PNIBA del Centro Industrial y de Desarrollo Empresarial de Soacha;0;0;0;0;0
5225-34-P;5225;45668;45668,46111;Generado;923234;C-3603-1300-20-20305C-3603025-02;Propios;INGRESOS CORRIENTES;2000000,00;0,00;2000000,00;2000000,00;MANTENIMIENTO BIENES. Mantenimiento de bienes muebles, enseres, maquinaria, equipo, transportes y software para atención de proyectos de Producción de Centros;0;0;0;0;0
5325-34-P;5325;45668;45668,46458;Generado;923234;C-3603-1300-20-20305C-3603025-02;Propios;INGRESOS CORRIENTES;24000000,00;-24000000,00;0,00;0,00;MATERIALES FORMACIÓN. Materiales e insumo para atención de proyectos de Producción de Centros.;0;0;0;0;0
5425-24-P;5425;45668;45668,49514;Con Compromiso;923224;C-3699-1300-15-53105B-3699009-02;Propios;RENTAS PARAFISCALES;150550077,00;0,00;150550077,00;0,00;SERVICIOS PERSONALES. Contratar servicios profesionales y de apoyo a la gestión del área de infraestructura para el Centro Industrial y de Desarrollo Empresarial de Soacha.;0;3025, 3325, 3625, 13125, 13425, 13725, 80225, 80525, 80625;42360225, 42360625, 42361125, 64524625, 64524925, 64525225, 97046125, 97046425, 97046525;0;0
5525-24-P;5525;45668;45668,50069;Generado;923224;C-3699-1300-15-53105B-3699011-02;Propios;RENTAS PARAFISCALES;3315165652,00;-3315165652,00;0,00;0,00;ADECUACIONES. REALIZAR ADECUACIONES A TODO COSTO, INCLUYENDO SUMINISTRO DE MATERIALES, MANO DE OBRA Y SERVICIOS TÉCNICOS, PARA LAS ADECUACIONES DE ESPACIOS EN LA INFRAESTRUCTURA DE LA SEDE “CIUDAD VERDE” DEL CENTRO INDUSTRIAL Y DE DESARROLLO EMPRESAR;0;0;0;0;0
5625-24-P;5625;45668;45668,55972;Generado;923224;C-3699-1300-15-53105B-3699016-02;Propios;RENTAS PARAFISCALES;125000000,00;-125000000,00;0,00;0,00;MANTENIMIENTO INMUEBLES. Contratar el mantenimiento preventivo y correctivo de las motobombas y de la red hidráulica, red sanitaria, y de alcantarillado, redes hidráulicas y redes de acueducto, que incluya la limpieza, inspección, reparación de tuber;0;0;0;0;0
5725-24-P;5725;45668;45668,57569;Generado;923224;C-3699-1300-15-53105B-3699016-02;Propios;RENTAS PARAFISCALES;130000000,00;-130000000,00;0,00;0,00;MANTENIMIENTO INMUEBLES. CONTRATAR A MONTO AGOTABLE EL SUMINISTRO DE MATERIALES DE FERRETERÍA PARA EL CENTRO INDUSTRIAL Y DE DESARROLLO EMPRESARIAL DE SOACHA;0;0;0;0;0
5825-24-P;5825;45668;45668,59931;Generado;923224;C-3699-1300-15-53105B-3699016-02;Propios;RENTAS PARAFISCALES;93860000,00;-93860000,00;0,00;0,00;MANTENIMIENTO INMUEBLES. Contratar a todo costo el servicio de mantenimiento preventivo y correctivo de las plantas eléctricas y redes, asegurando el adecuado funcionamiento durante los cortes de energía, incluyendo pruebas de carga, limpieza de comp;0;0;0;0;0
5925-24-P;5925;45668;45668,60972;Generado;923224;C-3699-1300-15-53105B-3699016-02;Propios;RENTAS PARAFISCALES;28171024,00;-28171024,00;0,00;0,00;MANTENIMIENTO INMUEBLES. Contratar el servicio de mantenimiento preventivo y correctivo de las instalaciones solares fotovoltaicas, que incluye la limpieza de paneles solares, revisión de inversores, conexiones y baterías, asegurando el óptimo rendim;0;0;0;0;0
6025-24-P;6025;45668;45668,62014;Generado;923224;C-3699-1300-15-53105B-3699016-02;Propios;RENTAS PARAFISCALES;76344910,00;-76344910,00;0,00;0,00;MANTENIMIENTO INMUEBLES. CONTRATAR A MONTO AGOTABLE EL SERVICIO INTEGRAL DE SANEAMIENTO AMBIENTAL (FUMIGACIÓN, CONTROL DE ROEDORES, MANTENIMIENTO Y LAVADO DE TANQUE DE ALMACENAMIENTO DE AGUA POTABLE, PODA Y TALA SANITARIA DE ÁRBOLES) PARA LAS SEDES D;0;0;0;0;0
6125-24-P;6125;45668;45668,62361;Generado;923224;C-3699-1300-15-53105B-3699016-02;Propios;RENTAS PARAFISCALES;14095550,00;-14095550,00;0,00;0,00;MANTENIMIENTO INMUEBLES. Contratar a todo costo la impermeabilización y la construcción de cárcamos para el piso del cuarto de residuos;0;0;0;0;0
6225-24-P;6225;45668;45668,62778;Generado;923224;C-3699-1300-15-53105B-3699016-02;Propios;RENTAS PARAFISCALES;113886250,00;-113886250,00;0,00;0,00;MANTENIMIENTO INMUEBLES. Contratar a todo costo el mantenimiento y reparación de las cubiertas del Centro Industrial y de Desarrollo Empresarial de Soacha.;0;0;0;0;0
6325-24-P;6325;45668;45668,63264;Generado;923224;C-3699-1300-15-53105B-3699016-02;Propios;RENTAS PARAFISCALES;23332000,00;-23332000,00;0,00;0,00;MANTENIMIENTO INMUEBLES. Contratar el servicio de mantenimiento preventivo y correctivo de ascensores, incluyendo la revisión de componentes eléctricos y mecánicos, lubricación, ajustes, y reparación o reemplazo de piezas necesarias, con el fin de ga;0;0;0;0;0
6425-24-P;6425;45668;45668,63681;Generado;923224;C-3699-1300-15-53105B-3699016-02;Propios;RENTAS PARAFISCALES;13870000,00;0,00;13870000,00;13870000,00;MANTENIMIENTO INMUEBLES. Contratación del servicio de mantenimiento preventivo y correctivo de los sistemas de extracción de humos, que incluye la limpieza de ductos, ventiladores y filtros, así como la inspección de motores y controladores, para gar;0;0;0;0;0
6525-24-P;6525;45668;45668,64167;Generado;923224;C-3699-1300-15-53105B-3699016-02;Propios;RENTAS PARAFISCALES;4500000,00;-4500000,00;0,00;0,00;MANTENIMIENTO INMUEBLES. Contratar a todo costo el servicio de mantenimiento preventivo y correctivo de las redes contra incendios, incluyendo la inspección y reparación de sistemas de tuberías, válvulas, rociadores y equipos relacionados, para garan;0;0;0;0;0
6625-24-P;6625;45668;45668,64653;Generado;923224;C-3699-1300-15-53105B-3699016-02;Propios;RENTAS PARAFISCALES;4000000,00;-4000000,00;0,00;0,00;MANTENIMIENTO INMUEBLES. Contratar el servicio de mantenimiento de cuarto de almacenamiento para las sedes del Centro Industrial y de Desarrollo Empresarial de Soacha;0;0;0;0;0
6725-24-P;6725;45668;45668,65278;Generado;923224;C-3699-1300-15-53105B-3699016-02;Propios;RENTAS PARAFISCALES;53163250,00;-53163250,00;0,00;0,00;MANTENIMIENTO INMUEBLES. Contratar el servicio integral para el cumplimiento del Plan de Emergencias del Centro Industrial y de Desarrollo Empresarial de Soacha;0;0;0;0;0
6825-24-P;6825;45668;45668,66111;Generado;923224;C-3699-1300-15-53105B-3699009-02;Propios;RENTAS PARAFISCALES;500000,00;0,00;500000,00;500000,00;ADECUACIONES. Pago del permiso requerido para la instalación y mantenimiento de publicidad exterior visual en las instalaciones del Centro Industrial y de Desarrollo Empresarial de Soacha;0;0;0;0;0
6925-10-N;6925;45681;45681,63403;Generado;923210;C-3603-1300-20-20305C-3603025-02;Nación;RECURSOS CORRIENTES;2662479258,00;-2662479258,00;0,00;0,00;OTROS EQUIPOS. Asignación de recursos para dotación de ambientes convencionales de formación, áreas administrativas y de bienestar de la subsede de Guachetá-Cundinamarca;0;0;0;0;0
6925-27-N;6925;45681;45681,63403;Generado;923227;C-3603-1300-20-20305C-3603024-02;Nación;RECURSOS CORRIENTES;4286313580,00;-4286313580,00;0,00;0,00;OTROS EQUIPOS. Asignación de recursos para dotación de ambientes convencionales de formación, áreas administrativas y de bienestar de la subsede de Guachetá-Cundinamarca;0;0;0;0;0
7025-69-P;7025;45695;45695,45694;Con Compromiso;923269;C-3605-1300-3-40402A-3605007-02;Propios;RENTAS PARAFISCALES;264600000,00;0,00;264600000,00;0,00;SERVICIOS PERSONALES. Contratar la prestación de servicios profesionales y de apoyo a la gestión para la ejecución del proyecto formulado y aprobado de Tecnoparque en el centro industrial y de desarrollo empresarial de Soacha.;0;35625, 36225, 36325, 36425, 36525, 82225, 82325, 82425, 82525, 82625;64603925, 64616625, 64616725, 64616825, 64616925, 97048525, 97048725, 97048825, 97049025, 97049125;0;0
7125-70-P;7125;45695;45695,4625;Con Compromiso;923270;C-3605-1300-3-40402A-3605019-02;Propios;RENTAS PARAFISCALES;294000000,00;0,00;294000000,00;0,00;SERVICIOS PERSONALES. Contratar la prestación de servicios profesionales y de apoyo a la gestión para la ejecución del proyecto formulado y aprobado de Tecnoacademia en el centro industrial y de desarrollo empresarial de Soacha.;0;35525, 35825, 35925, 36025, 36125, 82725, 82825, 82925, 83025, 83125;64603825, 64616125, 64616325, 64616425, 64616525, 97049225, 97049325, 97049425, 97049525, 97049725;0;0
7225-11-N;7225;45716;45716,68125;Generado;923211;C-3603-1300-20-20305C-3603025-02;Nación;RECURSOS CORRIENTES;112424659,00;0,00;112424659,00;112424659,00;Contratar mediante el mecanismo de monto agotable la compra de materiales e insumos para los programas de formación ofertados y aquellos destinados al proceso de Producción de Centro para el mantenimiento de equipos de cómputo en el Centro Industrial;0;0;0;0;0
7225-34-P;7225;45716;45716,68125;Generado;923234;C-3603-1300-20-20305C-3603025-02;Propios;INGRESOS CORRIENTES;2000000,00;0,00;2000000,00;2000000,00;Contratar mediante el mecanismo de monto agotable la compra de materiales e insumos para los programas de formación ofertados y aquellos destinados al proceso de Producción de Centro para el mantenimiento de equipos de cómputo en el Centro Industrial;0;0;0;0;0
7225-18-P;7225;45716;45716,68125;Generado;923218;C-3603-1300-20-20305C-3603025-02;Propios;FONDOS ESPECIALES;116305291,00;0,00;116305291,00;116305291,00;Contratar mediante el mecanismo de monto agotable la compra de materiales e insumos para los programas de formación ofertados y aquellos destinados al proceso de Producción de Centro para el mantenimiento de equipos de cómputo en el Centro Industrial;0;0;0;0;0
7225-70-P;7225;45716;45716,68125;Generado;923270;C-3605-1300-3-40402A-3605019-02;Propios;RENTAS PARAFISCALES;0,00;109985243,00;109985243,00;109985243,00;Contratar mediante el mecanismo de monto agotable la compra de materiales e insumos para los programas de formación ofertados y aquellos destinados al proceso de Producción de Centro para el mantenimiento de equipos de cómputo en el Centro Industrial;0;0;0;0;0
7225-45-N;7225;45716;45716,68125;Generado;923245;C-3603-1300-20-20305C-3603025-02;Nación;RECURSOS CORRIENTES;376238966,00;0,00;376238966,00;376238966,00;Contratar mediante el mecanismo de monto agotable la compra de materiales e insumos para los programas de formación ofertados y aquellos destinados al proceso de Producción de Centro para el mantenimiento de equipos de cómputo en el Centro Industrial;0;0;0;0;0
7225-10-N;7225;45716;45716,68125;Generado;923210;C-3602-1300-11-20305C-3602031-02;Nación;RECURSOS CORRIENTES;65204000,00;0,00;65204000,00;65204000,00;Contratar mediante el mecanismo de monto agotable la compra de materiales e insumos para los programas de formación ofertados y aquellos destinados al proceso de Producción de Centro para el mantenimiento de equipos de cómputo en el Centro Industrial;0;0;0;0;0
7225-14-N;7225;45716;45716,68125;Generado;923214;C-3603-1300-20-20305C-3603025-02;Nación;RECURSOS CORRIENTES;7000000,00;0,00;7000000,00;7000000,00;Contratar mediante el mecanismo de monto agotable la compra de materiales e insumos para los programas de formación ofertados y aquellos destinados al proceso de Producción de Centro para el mantenimiento de equipos de cómputo en el Centro Industrial;0;0;0;0;0
7225-85-N;7225;45716;45716,68125;Generado;923285;C-3603-1300-20-20305C-3603025-02;Nación;RECURSOS CORRIENTES;42676949,00;0,00;42676949,00;42676949,00;Contratar mediante el mecanismo de monto agotable la compra de materiales e insumos para los programas de formación ofertados y aquellos destinados al proceso de Producción de Centro para el mantenimiento de equipos de cómputo en el Centro Industrial;0;0;0;0;0
7225-42-P;7225;45716;45716,68125;Generado;923242;C-3603-1300-20-20305C-3603025-02;Propios;INGRESOS CORRIENTES;30000000,00;0,00;30000000,00;30000000,00;Contratar mediante el mecanismo de monto agotable la compra de materiales e insumos para los programas de formación ofertados y aquellos destinados al proceso de Producción de Centro para el mantenimiento de equipos de cómputo en el Centro Industrial;0;0;0;0;0
7225-38-N;7225;45716;45716,68125;Generado;923238;C-3603-1300-20-20305C-3603025-02;Nación;RECURSOS CORRIENTES;106294000,00;0,00;106294000,00;106294000,00;Contratar mediante el mecanismo de monto agotable la compra de materiales e insumos para los programas de formación ofertados y aquellos destinados al proceso de Producción de Centro para el mantenimiento de equipos de cómputo en el Centro Industrial;0;0;0;0;0
7225-69-P;7225;45716;45716,68125;Generado;923269;C-3605-1300-3-40402A-3605007-02;Propios;RENTAS PARAFISCALES;0,00;97340942,00;97340942,00;97340942,00;Contratar mediante el mecanismo de monto agotable la compra de materiales e insumos para los programas de formación ofertados y aquellos destinados al proceso de Producción de Centro para el mantenimiento de equipos de cómputo en el Centro Industrial;0;0;0;0;0
7325-09-P;7325;45716;45716,72778;Generado;923209;C-3603-1300-20-20305C-3603025-02;Propios;INGRESOS CORRIENTES;31702061,00;0,00;31702061,00;31702061,00;Contratar mediante el mecanismo de monto agotable la compra de elementos de protección personal para los aprendices de programas FIC, beneficiarios de apoyos de sostenimiento regular, funcionarios, trabajador oficial y la brigada de emergencias del;0;0;0;0;0
7325-10-P;7325;45716;45716,72778;Generado;923210;C-3603-1300-20-20305C-3603025-02;Propios;INGRESOS CORRIENTES;96800000,00;0,00;96800000,00;96800000,00;Contratar mediante el mecanismo de monto agotable la compra de elementos de protección personal para los aprendices de programas FIC, beneficiarios de apoyos de sostenimiento regular, funcionarios, trabajador oficial y la brigada de emergencias del;0;0;0;0;0
7325-18-P;7325;45716;45716,72778;Generado;923218;C-3603-1300-20-20305C-3603025-02;Propios;FONDOS ESPECIALES;29425719,00;0,00;29425719,00;29425719,00;Contratar mediante el mecanismo de monto agotable la compra de elementos de protección personal para los aprendices de programas FIC, beneficiarios de apoyos de sostenimiento regular, funcionarios, trabajador oficial y la brigada de emergencias del;0;0;0;0;0
7325-44-P;7325;45716;45716,72778;Generado;923244;C-3603-1300-20-20305C-3603025-02;Propios;INGRESOS CORRIENTES;8692251,00;0,00;8692251,00;8692251,00;Contratar mediante el mecanismo de monto agotable la compra de elementos de protección personal para los aprendices de programas FIC, beneficiarios de apoyos de sostenimiento regular, funcionarios, trabajador oficial y la brigada de emergencias del;0;0;0;0;0
7425-45-N;7425;45716;45716,73403;Generado;923245;C-3603-1300-20-20305C-3603025-02;Nación;RECURSOS CORRIENTES;30000000,00;0,00;30000000,00;30000000,00;Contratar mediante el mecanismo de monto agotable la compra de materiales e insumos para los programas de formación en las líneas de producción de alimentos y gestión agroindustrial en el Centro Industrial y de Desarrollo Empresarial de Soacha.;0;0;0;0;0
7425-70-P;7425;45716;45716,73403;Generado;923270;C-3605-1300-3-40402A-3605019-02;Propios;RENTAS PARAFISCALES;0,00;6024977,00;6024977,00;6024977,00;Contratar mediante el mecanismo de monto agotable la compra de materiales e insumos para los programas de formación en las líneas de producción de alimentos y gestión agroindustrial en el Centro Industrial y de Desarrollo Empresarial de Soacha.;0;0;0;0;0
7425-10-N;7425;45716;45716,73403;Generado;923210;C-3602-1300-11-20305C-3602031-02;Nación;RECURSOS CORRIENTES;55000000,00;0,00;55000000,00;55000000,00;Contratar mediante el mecanismo de monto agotable la compra de materiales e insumos para los programas de formación en las líneas de producción de alimentos y gestión agroindustrial en el Centro Industrial y de Desarrollo Empresarial de Soacha.;0;0;0;0;0
7425-34-P;7425;45716;45716,73403;Generado;923234;C-3603-1300-20-20305C-3603025-02;Propios;INGRESOS CORRIENTES;22000000,00;0,00;22000000,00;22000000,00;Contratar mediante el mecanismo de monto agotable la compra de materiales e insumos para los programas de formación en las líneas de producción de alimentos y gestión agroindustrial en el Centro Industrial y de Desarrollo Empresarial de Soacha.;0;0;0;0;0
7425-38-N;7425;45716;45716,73403;Generado;923238;C-3603-1300-20-20305C-3603025-02;Nación;RECURSOS CORRIENTES;35000000,00;0,00;35000000,00;35000000,00;Contratar mediante el mecanismo de monto agotable la compra de materiales e insumos para los programas de formación en las líneas de producción de alimentos y gestión agroindustrial en el Centro Industrial y de Desarrollo Empresarial de Soacha.;0;0;0;0;0
7425-11-N;7425;45716;45716,73403;Generado;923211;C-3603-1300-20-20305C-3603025-02;Nación;RECURSOS CORRIENTES;30000000,00;0,00;30000000,00;30000000,00;Contratar mediante el mecanismo de monto agotable la compra de materiales e insumos para los programas de formación en las líneas de producción de alimentos y gestión agroindustrial en el Centro Industrial y de Desarrollo Empresarial de Soacha.;0;0;0;0;0
7525-43-N;7525;45722;45722,78819;Generado;923243;C-3603-1300-20-20305C-3603025-02;Nación;RECURSOS CORRIENTES;38558830,00;0,00;38558830,00;38558830,00;BIENESTAR EMPLEADOS. Servicios de bienestar social, actividades culturales recreativas y deportivas;0;0;0;0;0
7625-10-N;7625;45734;45734,69514;Generado;923210;C-3603-1300-20-20305C-3603025-02;Nación;RECURSOS CORRIENTES;25837331,00;0,00;25837331,00;25837331,00;PAPELERIA. Contratar mediante el mecanismo de monto agotable la compra de elementos de oficina y consumibles de impresión para el Centro Industrial y de Desarrollo Empresarial de Soacha.;0;0;0;0;0
7725-27-N;7725;45734;45734,70139;Generado;923227;C-3603-1300-20-20305C-3603024-02;Nación;RECURSOS CORRIENTES;100000000,00;0,00;100000000,00;100000000,00;: MANTENIMIENTO BIENES. Contratar los servicios integrales de mantenimiento preventivo y correctivo a todo costo que incluyan suministros repuestos y mano de obra, para el parque automotor y el Aula Móvil del Centro Industrial y de Desarrollo Empres;0;0;0;0;0
7725-90-P;7725;45734;45734,70139;Generado;923290;C-3603-1300-20-20305C-3603024-02;Propios;INGRESOS CORRIENTES;20000000,00;6000000,00;26000000,00;26000000,00;: MANTENIMIENTO BIENES. Contratar los servicios integrales de mantenimiento preventivo y correctivo a todo costo que incluyan suministros repuestos y mano de obra, para el parque automotor y el Aula Móvil del Centro Industrial y de Desarrollo Empres;0;0;0;0;0
7825-24-P;7825;45734;45734,70764;Generado;923224;C-3699-1300-15-53105B-3699016-02;Propios;RENTAS PARAFISCALES;125000000,00;0,00;125000000,00;125000000,00;MANTENIMIENTO INMUEBLES. Contratar el mantenimiento preventivo y correctivo de motobombas y de las redes hidráulicas, sanitarias, de alcantarillado y de acueducto, que incluya la limpieza, inspección y reparación de tuberías, válvulas y accesorios,;0;0;0;0;0
7925-24-P;7925;45734;45734,70972;Generado;923224;C-3699-1300-15-53105B-3699016-02;Propios;RENTAS PARAFISCALES;113886250,00;0,00;113886250,00;113886250,00;MANTENIMIENTO INMUEBLES. Contratar a todo costo el mantenimiento preventivo y correctivo de las cubiertas de las sedes del Centro Industrial y de Desarrollo Empresarial de Soacha;0;0;0;0;0
8025-24-P;8025;45734;45734,7125;Generado;923224;C-3699-1300-15-53105B-3699016-02;Propios;RENTAS PARAFISCALES;130000000,00;0,00;130000000,00;130000000,00;MANTENIMIENTO INMUEBLES. Contratar mediante el mecanismo de monto agotable el suministro de materiales de ferretería para el Centro Industrial y de Desarrollo Empresarial de Soacha;0;0;0;0;0
8125-42-P;8125;45734;45734,74236;Generado;923242;C-3603-1300-20-20305C-3603025-02;Propios;INGRESOS CORRIENTES;30000000,00;-30000000,00;0,00;0,00;Contratar mediante el mecanismo de monto agotable la compra de materiales e insumos para los programas de formación ofertados y aquellos destinados al proceso de Producción de Centro para el mantenimiento de equipos de cómputo en el Centro Industrial;0;0;0;0;0
8225-42-P;8225;45737;45737,45764;Generado;923242;C-3603-1300-20-20305C-3603025-02;Propios;INGRESOS CORRIENTES;23301019,00;0,00;23301019,00;23301019,00;BIENESTAR APRENDICES. Resoluciones de viáticos de los aprendices para el cumplimiento de lo dispuesto en la Resolución Nro. 1-01399 de 2021 Por la cual se adopta el Plan Nacional Integral de Bienestar de los aprendices;0;0;0;0;0
8325-24-P;8325;45742;45742,47778;Generado;923224;C-3699-1300-15-53105B-3699016-02;Propios;RENTAS PARAFISCALES;117192000,00;0,00;117192000,00;117192000,00;MANTENIMIENTO INMUEBLES. Contratar a todo costo el servicio integral de mantenimiento preventivo y correctivo de plantas eléctricas y de redes, y ascensores del Centro Industrial y de Desarrollo Empresarial de Soacha, garantizando la operatividad,;0;0;0;0;0
8425-24-P;8425;45742;45742,48056;Generado;923224;C-3699-1300-15-53105B-3699016-02;Propios;RENTAS PARAFISCALES;28171024,00;0,00;28171024,00;28171024,00;MANTENIMIENTO INMUEBLES. Contratar a todo costo el mantenimiento preventivo y correctivo de las instalaciones solares fotovoltaicas en el Centro Industrial y de Desarrollo Empresarial de Soacha, garantizando la limpieza y revisión de paneles, invers;0;0;0;0;0
8525-24-P;8525;45742;45742,48333;Generado;923224;C-3699-1300-15-53105B-3699016-02;Propios;RENTAS PARAFISCALES;57663250,00;0,00;57663250,00;57663250,00;MANTENIMIENTO INMUEBLES. Contratar a todo costo el servicio integral para el cumplimiento del Plan de Emergencias y el mantenimiento preventivo y correctivo de las redes contra incendios en las sedes del Centro Industrial y de Desarrollo Empresarial;0;0;0;0;0
8625-24-P;8625;45742;45742,48681;Generado;923224;C-3699-1300-15-53105B-3699016-02;Propios;RENTAS PARAFISCALES;94440460,00;0,00;94440460,00;94440460,00;MANTENIMIENTO INMUEBLES. Contratar mediante el mecanismo de monto agotable y a todo costo el servicio integral comprendido por el saneamiento ambiental (fumigación, control de roedores, mantenimiento, poda y tala sanitaria de árboles), la constr;0;0;0;0;0
8725-42-P;8725;45742;45742,49792;Generado;923242;C-3603-1300-20-20305C-3603025-02;Propios;INGRESOS CORRIENTES;65000000,00;0,00;65000000,00;65000000,00;BIENESTAR APRENDICES. Contratar mediante el mecanismo de monto agotable el suministro de alimentos e hidratación para la implementación del Plan Nacional Integral de Bienestar del Aprendiz en el Centro Industrial y de Desarrollo Empresarial de Soacha;0;0;0;0;0
8725-18-P;8725;45742;45742,49792;Generado;923218;C-3603-1300-20-20305C-3603025-02;Propios;FONDOS ESPECIALES;16000000,00;0,00;16000000,00;16000000,00;BIENESTAR APRENDICES. Contratar mediante el mecanismo de monto agotable el suministro de alimentos e hidratación para la implementación del Plan Nacional Integral de Bienestar del Aprendiz en el Centro Industrial y de Desarrollo Empresarial de Soacha;0;0;0;0;0
8825-42-P;8825;45742;45742,51944;Generado;923242;C-3603-1300-20-20305C-3603025-02;Propios;INGRESOS CORRIENTES;58000000,00;0,00;58000000,00;58000000,00;BIENESTAR APRENDICES. Contratar mediante el mecanismo de monto agotable la adquisición de prendas deportivas y elementos complementarios para la participación de los aprendices en actividades físicas, recreativas y culturales propias de la implement;0;0;0;0;0
8925-42-P;8925;45742;45742,525;Generado;923242;C-3603-1300-20-20305C-3603025-02;Propios;INGRESOS CORRIENTES;130000000,00;0,00;130000000,00;130000000,00;BIENESTAR APRENDICES. Contratar mediante el mecanismo de monto agotable los servicios de transporte y realización de convivencias y salidas de fortalecimiento de programas FIC en el marco de la implementación del Plan Nacional Integral de Bienestar;0;0;0;0;0
8925-18-P;8925;45742;45742,525;Generado;923218;C-3603-1300-20-20305C-3603025-02;Propios;FONDOS ESPECIALES;61333333,00;0,00;61333333,00;61333333,00;BIENESTAR APRENDICES. Contratar mediante el mecanismo de monto agotable los servicios de transporte y realización de convivencias y salidas de fortalecimiento de programas FIC en el marco de la implementación del Plan Nacional Integral de Bienestar;0;0;0;0;0
9025-42-P;9025;45742;45742,53819;Generado;923242;C-3603-1300-20-20305C-3603025-02;Propios;INGRESOS CORRIENTES;30000000,00;0,00;30000000,00;30000000,00;BIENESTAR APRENDICES. Pago de Apoyo Temporal transporte del programa de Bienestar al Aprendiz del Centro Industrial y de Desarrollo Empresarial;0;0;0;0;0
9125-42-P;9125;45742;45742,54097;Generado;923242;C-3603-1300-20-20305C-3603025-02;Propios;INGRESOS CORRIENTES;20000000,00;0,00;20000000,00;20000000,00;BIENESTAR APRENDICES. Pago de Apoyos de Alimentación del programa de Bienestar al Aprendiz del Centro Industrial y de Desarrollo Empresarial;0;0;0;0;0
9225-42-P;9225;45742;45742,54306;Generado;923242;C-3603-1300-20-20305C-3603025-02;Propios;INGRESOS CORRIENTES;10000000,00;0,00;10000000,00;10000000,00;BIENESTAR APRENDICES. Pago de Apoyos de Medios Tecnológicos del programa de Bienestar al Aprendiz del Centro Industrial y de Desarrollo Empresarial;0;0;0;0;0
9325-24-P;9325;45742;45742,54514;Generado;923224;C-3699-1300-15-53105B-3699011-02;Propios;RENTAS PARAFISCALES;2983649086,80;0,00;2983649086,80;2983649086,80;"ADECUACIONES. Realizar adecuaciones integrales a todo costo para la infraestructura de la sede ""Ciudad Verde"" del Centro Industrial y de Desarrollo Empresarial de Soacha, incluyendo suministro de materiales, mano de obra y servicios técnicos especial";0;0;0;0;0
9425-24-P;9425;45742;45742,54792;Generado;923224;C-3699-1300-15-53105B-3699011-02;Propios;RENTAS PARAFISCALES;331516565,20;0,00;331516565,20;331516565,20;"ADECUACIONES. Realizar la interventoría técnica, administrativa, jurídica, financiera, contable, ambiental y social al contrato de obra que celebre el CIDE para la ejecución del objeto ""Realizar adecuaciones integrales a todo costo para la infraestr";0;0;0;0;0
9525-27-N;9525;45743;45743,67153;Generado;923227;C-3603-1300-20-20305C-3603024-02;Nación;RECURSOS CORRIENTES;4437123280,00;0,00;4437123280,00;4437123280,00;"OTROS EQUIPOS. Contratar la compra de mobiliario, equipos de funcionamiento, herramientas y demás elementos de dotación para la sede ""Ciudad Verde"" del Centro Industrial y de Desarrollo Empresarial de Soacha, incluyendo suministro, transporte, inst";0;0;0;0;0
9525-10-N;9525;45743;45743,67153;Generado;923210;C-3603-1300-20-20305C-3603025-02;Nación;RECURSOS CORRIENTES;2698382958,00;0,00;2698382958,00;2698382958,00;"OTROS EQUIPOS. Contratar la compra de mobiliario, equipos de funcionamiento, herramientas y demás elementos de dotación para la sede ""Ciudad Verde"" del Centro Industrial y de Desarrollo Empresarial de Soacha, incluyendo suministro, transporte, inst";0;0;0;0;0
9625-20-N;9625;45743;45743,67431;Generado;923220;C-3603-1300-20-20305C-3603025-02;Nación;RECURSOS CORRIENTES;35000000,00;0,00;35000000,00;35000000,00;SERVICIOS PERSONALES. Contratar la prestación de servicios profesionales y de apoyo a la gestión para los procesos relacionados con la gestión curricular para la (diseño, desarrollo y gestión de permisos) priorizando el programa de formación tecnólog;0;0;0;0;0
9725-69-P;9725;45743;45743,67708;Con Compromiso;923269;C-3605-1300-3-40402A-3605007-02;Propios;RENTAS PARAFISCALES;20000000,00;0,00;20000000,00;19827564,00;VIATICOS. viáticos y gastos de viaje al interior área administrativa, según plan de acción radicado y aprobado por Comité Estratégico de Competitividad;8825;107525;110457925;0;0
9825-70-P;9825;45743;45743,67917;Generado;923270;C-3605-1300-3-40402A-3605019-02;Propios;RENTAS PARAFISCALES;72000000,00;0,00;72000000,00;72000000,00;VIATICOS. viáticos y gastos de viaje al interior área administrativa, según plan de acción radicado y aprobado por Comité Estratégico de Competitividad;0;0;0;0;0